,City,Cloudiness,Country,Date,Humidity,Lat,Lng,Max Temp,Wind Speed
0,mataura,100.0,NZ,1584217447.0,84.0,-46.19,168.86,54.0,3.0
1,mareeba,31.0,AU,1584217447.0,88.0,-17.0,145.43,69.8,1.12
2,tasiilaq,20.0,GL,1584217447.0,65.0,65.61,-37.64,5.0,1.12
3,faanui,2.0,PF,1584217447.0,77.0,-16.48,-151.75,83.07,15.75
4,vila franca do campo,20.0,PT,1584217447.0,72.0,37.72,-25.43,60.8,12.75
5,victoria,20.0,HK,1584217360.0,56.0,22.29,114.16,69.01,9.17
7,avarua,37.0,CK,1584216895.0,74.0,-21.21,-159.78,84.2,6.93
8,isangel,90.0,VU,1584217217.0,83.0,-19.55,169.27,82.4,4.7
9,port alfred,92.0,ZA,1584217448.0,88.0,-33.59,26.89,68.0,3.0
11,bambous virieux,75.0,MU,1584217323.0,94.0,-20.34,57.76,77.0,3.36
12,bubaque,0.0,GW,1584216910.0,62.0,11.28,-15.83,84.15,21.3
13,punta arenas,75.0,CL,1584217445.0,58.0,-53.15,-70.92,59.0,20.8
14,boden,100.0,SE,1584217449.0,63.0,65.83,21.69,26.6,6.93
16,hobart,75.0,AU,1584217449.0,81.0,-42.88,147.33,53.01,5.82
18,manyana,0.0,BW,1584217450.0,49.0,-23.4,21.72,73.17,7.47
19,longmeadow,90.0,US,1584217450.0,36.0,42.05,-72.58,54.0,19.46
20,yar-sale,98.0,RU,1584216995.0,89.0,66.83,70.83,2.43,16.73
21,lazarev,100.0,RU,1584217450.0,94.0,52.23,141.51,9.09,8.63
22,airai,18.0,TL,1584217312.0,83.0,-8.93,125.41,63.99,2.91
23,bredasdorp,67.0,ZA,1584217450.0,72.0,-34.53,20.04,68.0,8.05
24,lata,0.0,PT,1584217450.0,87.0,40.16,-8.33,57.0,2.68
25,luena,83.0,AO,1584217451.0,96.0,-11.78,19.92,62.73,1.21
26,awbari,0.0,LY,1584217451.0,18.0,26.59,12.78,64.35,9.31
27,asau,75.0,RO,1584217382.0,48.0,46.43,26.4,44.6,9.17
28,ushuaia,20.0,AR,1584217332.0,47.0,-54.8,-68.3,55.4,6.93
29,camacha,75.0,PT,1584217451.0,63.0,33.08,-16.33,60.8,13.87
31,vaini,75.0,TO,1584217297.0,83.0,-21.2,-175.2,82.4,13.87
32,george,73.0,ZA,1584217452.0,93.0,-33.96,22.46,64.4,1.12
33,beruwala,0.0,LK,1584217452.0,87.0,6.48,79.98,77.67,2.59
34,hermanus,53.0,ZA,1584217296.0,88.0,-34.42,19.23,64.99,13.4
35,coihaique,75.0,CL,1584217452.0,51.0,-45.58,-72.07,59.0,3.36
36,zeya,0.0,RU,1584217452.0,84.0,53.75,127.27,-9.81,3.87
37,sakata,67.0,JP,1584217452.0,73.0,38.92,139.85,29.43,4.38
38,richards bay,0.0,ZA,1584217453.0,87.0,-28.78,32.04,77.31,7.52
39,kapaa,1.0,US,1584217307.0,60.0,22.08,-159.32,75.2,9.17
40,praia da vitoria,20.0,PT,1584217453.0,68.0,38.73,-27.07,64.4,7.85
41,arona,40.0,ES,1584217453.0,63.0,28.1,-16.68,66.0,13.87
42,san jose,75.0,US,1584217372.0,62.0,37.34,-121.89,57.2,16.11
43,torbay,75.0,CA,1584217324.0,81.0,47.67,-52.73,39.0,23.04
44,ostersund,40.0,SE,1584217367.0,45.0,63.18,14.64,26.6,11.41
45,busselton,98.0,AU,1584217454.0,98.0,-33.65,115.33,66.0,10.11
46,taldan,0.0,RU,1584217454.0,86.0,53.67,124.8,-14.85,3.94
47,tiznit,41.0,MA,1584217454.0,85.0,29.58,-9.5,54.09,3.78
48,togitsu,20.0,JP,1584217454.0,46.0,32.83,129.85,50.0,18.34
49,tuktoyaktuk,90.0,CA,1584217454.0,85.0,69.45,-133.04,21.2,26.4
50,norman wells,75.0,CA,1584217454.0,66.0,65.28,-126.83,14.0,5.82
51,lakota,100.0,CI,1584217455.0,94.0,5.85,-5.69,76.41,3.06
52,yerbogachen,100.0,RU,1584217455.0,94.0,61.28,108.01,27.09,9.64
54,ribeira grande,40.0,PT,1584217294.0,72.0,38.52,-28.7,62.6,12.75
55,oistins,75.0,BB,1584217455.0,83.0,13.07,-59.53,77.0,20.8
56,esna,0.0,EG,1584217455.0,60.0,25.29,32.55,68.0,7.83
57,kuminskiy,3.0,RU,1584217456.0,90.0,58.67,66.57,31.77,9.33
58,shenzhen,0.0,CN,1584217409.0,56.0,22.55,114.07,69.01,11.18
59,baykit,100.0,RU,1584217456.0,93.0,61.67,96.37,28.35,5.79
60,virginia beach,75.0,US,1584217200.0,40.0,36.85,-75.98,62.6,8.05
61,saldanha,0.0,ZA,1584217456.0,88.0,-33.01,17.94,64.4,9.17
62,narsaq,75.0,GL,1584217404.0,67.0,60.92,-46.05,23.0,4.38
63,chokurdakh,0.0,RU,1584217456.0,97.0,70.63,147.92,-27.99,2.8
64,rikitea,0.0,PF,1584217184.0,80.0,-23.12,-134.97,77.67,13.69
65,east london,51.0,ZA,1584217196.0,78.0,-33.02,27.91,73.89,8.93
66,atuona,12.0,PF,1584217306.0,78.0,-9.8,-139.03,81.45,12.86
67,barrow,90.0,US,1584217457.0,92.0,71.29,-156.79,12.2,34.45
68,bac lieu,100.0,VN,1584217457.0,85.0,9.29,105.72,75.69,7.83
69,kulevcha,100.0,UA,1584217457.0,49.0,46.03,29.94,47.61,12.66
70,mangochi,99.0,MW,1584217458.0,91.0,-14.48,35.26,67.41,2.24
71,shimoda,40.0,JP,1584217373.0,93.0,34.67,138.95,41.0,3.36
72,upernavik,100.0,GL,1584217458.0,97.0,72.79,-56.15,-10.35,3.56
73,sitka,1.0,US,1584217305.0,59.0,57.05,-135.33,37.4,4.38
74,mehamn,100.0,NO,1584217440.0,77.0,71.04,27.85,11.61,15.95
75,goderich,100.0,CA,1584217404.0,78.0,43.75,-81.72,33.01,10.0
76,tiksi,0.0,RU,1584217445.0,80.0,71.69,128.87,-16.11,8.46
77,namatanai,100.0,PG,1584217459.0,74.0,-3.67,152.43,82.71,5.28
78,flinders,98.0,AU,1584217459.0,62.0,-34.58,150.86,60.01,6.93
79,kupang,5.0,ID,1584217459.0,82.0,-10.17,123.58,81.09,4.29
80,yueyang,0.0,CN,1584217459.0,55.0,29.33,113.09,51.57,4.21
81,ahuimanu,75.0,US,1584217315.0,73.0,21.44,-157.84,80.6,5.82
83,sri aman,100.0,MY,1584217460.0,100.0,1.24,111.46,75.2,2.15
84,gat,40.0,IL,1584217460.0,93.0,31.61,34.76,59.0,5.82
85,belaya gora,41.0,RU,1584217460.0,89.0,68.53,146.42,-29.97,1.77
86,totskoye,100.0,RU,1584217460.0,98.0,52.52,52.76,34.11,7.36
87,deputatskiy,0.0,RU,1584217460.0,98.0,69.3,139.9,-35.91,1.28
88,albany,40.0,US,1584217460.0,48.0,42.6,-73.97,46.0,18.34
89,meulaboh,100.0,ID,1584217460.0,73.0,4.14,96.13,83.43,7.02
90,alta floresta,20.0,BR,1584217461.0,66.0,-9.88,-56.09,89.6,3.36
91,hualmay,100.0,PE,1584217461.0,62.0,-11.1,-77.61,78.21,9.22
92,grand gaube,75.0,MU,1584217461.0,94.0,-20.01,57.66,77.0,3.36
93,hasaki,75.0,JP,1584217307.0,100.0,35.73,140.83,33.8,4.7
94,butaritari,100.0,KI,1584217461.0,70.0,3.07,172.79,83.61,9.13
95,chumphon,61.0,TH,1584217461.0,98.0,10.33,98.83,73.35,2.08
96,cherskiy,100.0,RU,1584217300.0,82.0,68.75,161.3,-8.73,3.13
97,cerinza,100.0,CO,1584217462.0,90.0,5.96,-72.95,55.53,4.09
98,dekar,80.0,BW,1584217462.0,48.0,-21.53,21.93,78.75,3.78
99,san patricio,20.0,MX,1584217462.0,74.0,19.22,-104.7,86.0,11.41
100,ternate,100.0,ID,1584217462.0,93.0,0.8,127.4,70.65,4.7
101,brae,100.0,GB,1584217462.0,87.0,60.4,-1.35,44.6,16.11
102,puerto ayora,20.0,EC,1584217462.0,70.0,-0.74,-90.35,86.0,11.41
103,cidreira,0.0,BR,1584217435.0,83.0,-30.18,-50.21,76.95,16.89
104,saint-pierre,40.0,RE,1584217463.0,83.0,-21.34,55.48,78.8,13.87
105,fairbanks,90.0,US,1584217337.0,72.0,64.84,-147.72,19.0,4.7
106,ponta do sol,75.0,PT,1584217463.0,63.0,32.67,-17.1,60.8,11.41
107,iqaluit,20.0,CA,1584217463.0,62.0,63.75,-68.51,-14.01,14.99
108,astoria,90.0,US,1584217283.0,80.0,46.19,-123.83,44.01,17.22
110,clyde river,20.0,CA,1584217464.0,62.0,70.47,-68.59,-16.6,1.07
111,pevek,54.0,RU,1584217290.0,76.0,69.7,170.31,-10.89,9.19
112,clinton,40.0,US,1584217464.0,55.0,42.59,-82.92,39.2,3.36
113,tigil,95.0,RU,1584217464.0,84.0,57.8,158.67,15.03,14.41
114,margate,20.0,GB,1584217220.0,87.0,51.38,1.39,48.99,14.99
115,cabo san lucas,20.0,MX,1584217464.0,42.0,22.89,-109.91,82.4,19.46
116,new norfolk,75.0,AU,1584217251.0,81.0,-42.78,147.06,53.01,5.82
117,itoman,75.0,JP,1584217465.0,58.0,26.12,127.67,59.0,18.34
118,hilo,90.0,US,1584217207.0,83.0,19.73,-155.09,75.2,3.36
119,jamestown,1.0,US,1584217465.0,59.0,42.1,-79.24,39.99,6.93
120,sao paulo de olivenca,97.0,BR,1584217465.0,56.0,-3.38,-68.87,92.43,2.19
121,provideniya,100.0,RU,1584217465.0,81.0,64.38,-173.3,19.89,5.12
122,portland,75.0,US,1584217446.0,69.0,45.52,-122.68,41.0,20.8
123,tura,100.0,IN,1584217466.0,73.0,25.52,90.22,66.15,6.06
124,vanavara,100.0,RU,1584217466.0,93.0,60.34,102.28,30.69,10.36
125,salalah,75.0,OM,1584217305.0,61.0,17.02,54.09,77.0,8.05
126,aklavik,90.0,CA,1584217466.0,67.0,68.22,-135.01,24.8,9.17
128,sai buri,89.0,TH,1584217466.0,97.0,6.7,101.62,73.35,1.92
129,boguchany,94.0,RU,1584217467.0,91.0,58.38,97.45,30.51,9.17
130,darovskoy,96.0,RU,1584217467.0,89.0,58.77,47.96,25.29,3.74
131,bluff,100.0,NZ,1584217467.0,84.0,-46.6,168.33,54.0,3.0
132,naze,54.0,JP,1584217467.0,51.0,28.37,129.48,59.0,19.46
134,saskylakh,95.0,RU,1584217334.0,95.0,71.92,114.08,1.35,10.71
135,kodiak,1.0,US,1584217468.0,59.0,57.79,-152.41,33.8,5.82
136,khromtau,100.0,KZ,1584217468.0,83.0,50.25,58.43,38.43,18.21
137,rawson,0.0,AR,1584217468.0,64.0,-43.3,-65.1,61.65,12.82
138,khandyga,0.0,RU,1584217468.0,96.0,62.67,135.6,-24.93,3.76
139,arlit,0.0,NE,1584217323.0,12.0,18.74,7.39,74.43,7.83
140,santa fe,100.0,AR,1584217185.0,37.0,-31.63,-60.7,94.59,6.29
142,san jose ojetenan,75.0,GT,1584217469.0,62.0,15.22,-91.97,89.6,5.82
143,saint-philippe,40.0,RE,1584217398.0,83.0,-21.36,55.77,78.8,13.87
144,wagar,84.0,SD,1584217469.0,13.0,16.15,36.2,72.45,12.21
145,cape town,20.0,ZA,1584217443.0,88.0,-33.93,18.42,69.01,18.34
146,boralday,75.0,KZ,1584217469.0,44.0,43.36,76.86,46.4,4.47
148,otradnyy,100.0,RU,1584217470.0,99.0,53.38,51.35,32.49,5.08
149,port elizabeth,20.0,ZA,1584217245.0,88.0,-33.92,25.57,66.2,12.75
151,fortuna,75.0,US,1584217310.0,81.0,40.6,-124.16,50.0,8.05
152,saint george,40.0,US,1584217470.0,55.0,37.1,-113.58,61.0,11.41
153,ilhabela,0.0,BR,1584217470.0,85.0,-23.78,-45.36,78.03,15.84
154,hanyang,0.0,CN,1584217471.0,54.0,32.14,105.51,49.77,0.85
156,hithadhoo,85.0,MV,1584217471.0,64.0,-0.6,73.08,83.07,4.07
157,kifri,100.0,IQ,1584217471.0,85.0,34.7,44.97,58.77,3.6
158,hongjiang,0.0,CN,1584217472.0,73.0,27.11,110.0,49.23,1.92
159,pierre,90.0,US,1584217472.0,79.0,44.37,-100.35,32.0,20.8
160,kandrian,100.0,PG,1584217473.0,85.0,-6.22,149.55,78.21,9.62
161,griffith,90.0,US,1584217473.0,86.0,41.53,-87.42,37.99,6.93
162,oyama,75.0,JP,1584217473.0,100.0,36.3,139.8,42.01,2.24
164,port lincoln,99.0,AU,1584217474.0,76.0,-34.73,135.87,60.21,15.39
165,krasnokholmskiy,100.0,RU,1584217474.0,98.0,55.99,55.05,32.67,1.9
166,komsomolskiy,0.0,UZ,1584217475.0,70.0,40.43,71.72,48.2,6.93
167,spassk,100.0,RU,1584217475.0,85.0,52.75,87.75,28.89,5.17
168,safranbolu,22.0,TR,1584217475.0,88.0,41.25,32.69,42.57,2.55
169,san policarpo,90.0,PH,1584217180.0,73.0,12.18,125.51,76.05,4.97
171,srandakan,0.0,ID,1584217475.0,92.0,-7.94,110.25,75.15,4.07
172,leningradskiy,29.0,RU,1584217475.0,72.0,69.38,178.42,-6.21,6.96
173,sortland,90.0,NO,1584217476.0,100.0,68.69,15.42,30.0,24.16
174,central point,75.0,US,1584217476.0,37.0,42.38,-122.92,51.01,17.22
175,padang,83.0,ID,1584217354.0,93.0,-0.95,100.35,68.31,4.54
176,chuy,60.0,UY,1584217476.0,86.0,-33.7,-53.46,74.07,16.78
177,shingu,0.0,JP,1584217476.0,72.0,33.73,135.98,44.37,12.62
178,hambantota,20.0,LK,1584217345.0,78.0,6.12,81.12,78.93,16.26
179,bognor regis,40.0,GB,1584217477.0,93.0,50.78,-0.68,50.0,11.41
180,qaanaaq,0.0,GL,1584217308.0,61.0,77.48,-69.36,-20.25,5.26
182,ahipara,0.0,NZ,1584217413.0,100.0,-35.17,173.17,63.0,3.29
183,dikson,57.0,RU,1584217477.0,99.0,73.51,80.55,-15.75,11.54
184,farmington,90.0,US,1584217477.0,37.0,36.73,-108.22,51.8,5.82
185,livingstonia,100.0,MW,1584217477.0,90.0,-10.61,34.11,60.03,3.36
186,xichang,63.0,CN,1584217478.0,90.0,27.9,102.26,37.17,3.0
187,aswan,0.0,EG,1584217442.0,17.0,24.09,32.91,75.2,13.87
188,manjacaze,0.0,MZ,1584217478.0,91.0,-24.71,33.88,72.09,4.99
190,souillac,75.0,MU,1584217478.0,94.0,-20.52,57.52,77.0,3.36
191,bridgetown,75.0,BB,1584217188.0,83.0,13.1,-59.62,77.0,20.8
192,kavaratti,0.0,IN,1584217393.0,69.0,10.57,72.64,82.35,9.62
193,castro,0.0,BR,1584217310.0,59.0,-24.79,-50.01,73.17,2.06
194,benin,78.0,BJ,1584217479.0,12.0,9.5,2.25,85.95,6.96
195,nanchong,55.0,CN,1584217263.0,54.0,30.8,106.08,55.17,2.64
196,karpathos,96.0,GR,1584217479.0,82.0,35.51,27.21,57.2,6.93
197,ilesha,23.0,NG,1584217479.0,61.0,7.14,5.26,80.37,4.54
198,istanbul,20.0,TR,1584217480.0,87.0,41.04,28.98,51.01,13.87
200,anadyr,40.0,RU,1584217480.0,92.0,64.75,177.48,19.4,29.08
201,sur,100.0,OM,1584217343.0,32.0,22.57,59.53,68.67,6.17
202,chikwawa,64.0,MW,1584217480.0,83.0,-16.03,34.8,67.77,4.14
203,agadir,40.0,MA,1584217364.0,82.0,30.42,-9.6,60.8,10.29
204,wangaratta,0.0,AU,1584217480.0,81.0,-36.37,146.33,51.8,4.7
205,puerto escondido,20.0,MX,1584217481.0,74.0,15.85,-97.07,86.0,5.82
206,olafsvik,63.0,IS,1584217481.0,70.0,64.89,-23.71,26.19,12.1
208,valparaiso,0.0,CL,1584217481.0,39.0,-33.04,-71.63,78.8,12.75
209,casablanca,75.0,MA,1584217429.0,82.0,33.59,-7.62,62.6,5.82
210,esperance,40.0,AU,1584217481.0,93.0,-33.87,121.9,64.4,13.87
211,yellowknife,75.0,CA,1584217481.0,54.0,62.46,-114.35,5.0,12.75
212,bambanglipuro,0.0,ID,1584217482.0,92.0,-7.95,110.28,75.15,4.07
213,hami,60.0,CN,1584217419.0,31.0,42.8,93.45,35.91,4.12
214,sisimiut,91.0,GL,1584217482.0,96.0,66.94,-53.67,-10.53,2.98
215,karratha,88.0,AU,1584217482.0,76.0,-20.74,116.85,83.07,14.34
216,hawkesbury,20.0,CA,1584217481.0,30.0,45.6,-74.62,42.01,13.87
217,shubarkuduk,100.0,KZ,1584217482.0,90.0,49.14,56.49,39.87,9.71
218,codrington,1.0,AU,1584217483.0,71.0,-38.27,141.97,58.95,15.66
219,uige,100.0,AO,1584217483.0,96.0,-7.61,15.06,70.29,1.14
220,lavrentiya,100.0,RU,1584217368.0,57.0,65.58,-171.0,20.07,4.83
221,tazmalt,40.0,DZ,1584217483.0,82.0,36.39,4.4,59.0,4.7
222,ilulissat,75.0,GL,1584217311.0,71.0,69.22,-51.1,3.2,9.17
223,manta,75.0,EC,1584217483.0,79.0,-0.95,-80.73,84.2,3.36
224,nikolskoye,97.0,RU,1584217306.0,38.0,59.7,30.79,26.6,22.37
225,caceres,0.0,ES,1584217484.0,59.0,39.52,-6.37,63.0,1.01
226,san carlos de bariloche,0.0,AR,1584217484.0,25.0,-41.15,-71.31,66.2,9.17
227,bonthe,89.0,SL,1584217484.0,82.0,7.53,-12.51,81.27,10.11
228,zavitinsk,100.0,RU,1584217484.0,91.0,50.12,129.45,6.39,9.1
229,lebu,0.0,CL,1584217244.0,55.0,-37.62,-73.65,62.73,13.42
230,sao filipe,27.0,CV,1584217307.0,51.0,14.9,-24.5,75.15,15.95
231,wichita,90.0,US,1584217242.0,75.0,37.69,-97.34,43.0,12.75
232,porangatu,100.0,BR,1584217485.0,90.0,-13.44,-49.15,77.31,2.17
233,tilichiki,100.0,RU,1584217485.0,96.0,60.47,166.1,27.45,16.08
234,buraydah,40.0,SA,1584217485.0,60.0,26.33,43.98,68.0,12.75
235,acarau,98.0,BR,1584217485.0,92.0,-2.89,-40.12,77.49,4.09
236,port hardy,5.0,CA,1584217307.0,34.0,50.7,-127.42,35.6,18.34
237,mutare,64.0,ZW,1584217486.0,93.0,-18.97,32.67,65.25,4.05
238,port shepstone,42.0,ZA,1584217486.0,89.0,-30.74,30.45,68.85,3.47
239,espanola,90.0,US,1584217255.0,49.0,35.99,-106.08,53.6,5.82
240,caohai,80.0,CN,1584217486.0,92.0,26.87,104.28,42.75,5.77
241,durmersheim,2.0,DE,1584217486.0,81.0,48.94,8.27,45.0,1.12
242,mahebourg,75.0,MU,1584217418.0,94.0,-20.41,57.7,77.0,3.36
243,thyboron,84.0,DK,1584217487.0,86.0,56.7,8.21,37.99,8.99
244,thompson,20.0,CA,1584217427.0,45.0,55.74,-97.86,5.0,3.36
246,byron bay,75.0,AU,1584217331.0,93.0,-28.65,153.62,68.0,13.87
247,atar,0.0,MR,1584217487.0,10.0,20.52,-13.05,71.55,5.32
248,isla vista,90.0,US,1584217309.0,76.0,34.41,-119.86,60.01,4.7
249,azanka,63.0,RU,1584217487.0,91.0,58.04,64.79,31.41,8.39
250,nioro,2.0,GM,1584217296.0,12.0,13.35,-15.75,87.21,12.8
251,khatanga,100.0,RU,1584217488.0,88.0,71.97,102.5,25.29,12.8
253,naryan-mar,19.0,RU,1584217488.0,86.0,67.67,53.09,1.17,3.74
254,ust-ilimsk,100.0,RU,1584217488.0,94.0,58.0,102.66,31.77,7.02
255,kirkenaer,75.0,NO,1584217488.0,76.0,60.46,12.06,32.0,12.75
256,vila velha,40.0,BR,1584217489.0,74.0,-20.33,-40.29,84.0,9.17
257,arraial do cabo,40.0,BR,1584217350.0,83.0,-22.97,-42.03,80.6,11.41
258,gambela,28.0,ET,1584217489.0,54.0,8.25,34.58,82.89,2.28
259,mount gambier,90.0,AU,1584217324.0,76.0,-37.83,140.77,53.6,8.05
260,katsuura,40.0,JP,1584217489.0,75.0,35.13,140.3,42.8,9.17
261,itarema,98.0,BR,1584217317.0,92.0,-2.92,-39.92,77.49,4.09
263,sola,54.0,VU,1584217490.0,76.0,-13.88,167.55,85.41,22.17
264,georgetown,20.0,MY,1584217490.0,88.0,5.41,100.34,84.2,3.62
265,sioux lookout,20.0,CA,1584217490.0,34.0,50.1,-91.92,21.2,9.17
266,mandalgovi,18.0,MN,1584217490.0,38.0,45.76,106.27,27.81,8.1
267,port-gentil,40.0,GA,1584217490.0,89.0,-0.72,8.78,84.2,5.82
269,dvinskoy,0.0,RU,1584217490.0,93.0,62.15,45.12,13.95,5.84
270,uruzgan,65.0,AF,1584217491.0,44.0,32.83,66.0,42.03,4.65
271,bicas,99.0,BR,1584217491.0,93.0,-21.73,-43.06,73.17,4.76
272,lima,100.0,PE,1584217396.0,61.0,-12.04,-77.03,80.6,13.87
273,oktyabrskiy,100.0,RU,1584217398.0,99.0,54.48,53.47,32.13,4.16
274,xining,100.0,CN,1584217491.0,38.0,36.62,101.77,29.61,3.18
275,chimbote,56.0,PE,1584217491.0,55.0,-9.09,-78.58,82.17,11.74
276,sosnovo-ozerskoye,0.0,RU,1584217492.0,94.0,52.52,111.54,12.33,2.77
277,verkhoyansk,10.0,RU,1584217250.0,97.0,67.54,133.38,-32.31,1.92
278,ponta delgada,20.0,PT,1584217435.0,72.0,37.73,-25.67,60.8,12.75
279,salinopolis,100.0,BR,1584217492.0,84.0,-0.61,-47.36,80.19,12.33
281,geraldton,40.0,AU,1584217492.0,88.0,-28.77,114.6,73.4,11.41
282,nouakchott,0.0,MR,1584217493.0,94.0,18.09,-15.98,68.0,14.99
283,juneau,1.0,US,1584217493.0,51.0,58.3,-134.42,35.6,3.36
284,eureka,75.0,US,1584217493.0,81.0,40.8,-124.16,50.0,8.05
285,valdosta,1.0,US,1584216888.0,47.0,30.83,-83.28,87.01,5.82
286,brewster,1.0,US,1584217493.0,34.0,41.4,-73.62,55.4,10.29
287,sandakan,20.0,MY,1584217493.0,94.0,5.84,118.12,77.0,3.78
288,pirai do sul,0.0,BR,1584217493.0,68.0,-24.53,-49.95,72.63,1.66
289,sao joao da barra,20.0,BR,1584217343.0,70.0,-21.64,-41.05,84.2,9.17
290,carnarvon,75.0,AU,1584217494.0,83.0,-24.87,113.63,77.0,9.17
291,vanimo,100.0,PG,1584217494.0,82.0,-2.67,141.3,81.09,17.98
292,aykhal,70.0,RU,1584217494.0,92.0,66.0,111.5,15.8,6.71
293,furstenfeld,75.0,AT,1584217494.0,69.0,47.05,16.08,46.0,1.12
294,kieta,100.0,PG,1584217397.0,78.0,-6.22,155.63,83.25,11.21
295,kaitangata,100.0,NZ,1584217495.0,77.0,-46.28,169.85,57.99,16.71
296,camocim,100.0,BR,1584217495.0,93.0,-2.9,-40.84,77.67,4.99
297,bethel,1.0,US,1584217320.0,34.0,41.37,-73.41,55.4,10.29
298,martapura,100.0,ID,1584217495.0,93.0,-3.42,114.85,72.81,1.32
299,ormara,98.0,PK,1584217495.0,63.0,25.21,64.64,72.09,5.66
300,manggar,100.0,ID,1584217495.0,72.0,-2.88,108.27,81.99,2.62
301,arrecife,20.0,ES,1584217495.0,68.0,28.96,-13.55,64.4,11.41
302,rotterdam,90.0,NL,1584217329.0,93.0,51.92,4.48,48.2,12.75
303,moree,35.0,AU,1584217496.0,72.0,-29.47,149.85,60.8,9.17
304,cockburn town,40.0,TC,1584217496.0,61.0,21.46,-71.14,80.6,13.87
305,chuka,83.0,KE,1584217496.0,87.0,-0.33,37.65,64.17,3.53
306,guerrero negro,0.0,MX,1584217496.0,56.0,27.98,-114.06,67.59,11.63
307,macheng,2.0,CN,1584217496.0,61.0,31.18,115.03,47.79,3.04
308,hovd,0.0,MN,1584217364.0,41.0,48.01,91.64,20.07,7.74
309,caronport,100.0,CA,1584217497.0,66.0,50.45,-105.82,19.0,13.0
310,augustow,0.0,PL,1584217497.0,94.0,53.84,22.98,28.0,7.2
311,genhe,0.0,CN,1584217497.0,92.0,50.78,121.52,-12.33,3.65
312,barcelos,0.0,PT,1584217488.0,87.0,41.54,-8.62,55.99,6.93
313,dwarka,100.0,IN,1584217328.0,52.0,22.24,68.97,75.69,13.69
314,purpe,100.0,RU,1584217497.0,93.0,64.48,76.69,33.01,13.38
315,whitianga,2.0,NZ,1584217498.0,90.0,-36.83,175.7,64.99,4.21
316,le mars,1.0,US,1584217498.0,86.0,42.79,-96.17,34.0,12.75
317,necochea,0.0,AR,1584217498.0,74.0,-38.55,-58.74,69.01,10.0
318,kavieng,100.0,PG,1584217498.0,72.0,-2.57,150.8,84.15,9.84
320,kjollefjord,100.0,NO,1584217498.0,66.0,70.95,27.35,18.27,16.96
321,great yarmouth,100.0,GB,1584217499.0,87.0,52.61,1.73,50.0,10.29
322,ladario,40.0,BR,1584217255.0,37.0,-19.0,-57.6,98.6,8.05
323,haines junction,0.0,CA,1584217347.0,68.0,60.75,-137.51,25.29,1.9
325,labuhan,89.0,ID,1584217349.0,92.0,-6.88,112.21,75.69,2.42
326,krasnaya gora,75.0,RU,1584217207.0,68.0,53.0,31.6,30.2,13.42
327,teruel,0.0,ES,1584217499.0,87.0,40.67,-0.67,53.6,2.24
328,paoua,9.0,CF,1584217500.0,15.0,7.24,16.44,72.63,3.11
329,san cristobal,75.0,VE,1584217500.0,62.0,7.77,-72.22,84.2,9.17
330,yulara,0.0,AU,1584217500.0,29.0,-25.24,130.99,77.0,13.87
331,valley city,75.0,US,1584217500.0,79.0,46.92,-98.0,19.4,12.75
333,luderitz,0.0,NA,1584217358.0,77.0,-26.65,15.16,68.0,16.11
334,beringovskiy,0.0,RU,1584217500.0,87.0,63.05,179.32,15.39,6.89
335,new london,1.0,US,1584217305.0,27.0,41.36,-72.1,54.0,13.87
336,mazara del vallo,75.0,IT,1584217501.0,87.0,37.66,12.59,62.01,6.93
337,sorland,100.0,NO,1584217320.0,96.0,67.67,12.69,35.01,23.78
338,zhigalovo,86.0,RU,1584217501.0,98.0,54.81,105.16,19.17,1.66
340,cabedelo,40.0,BR,1584217502.0,74.0,-6.98,-34.83,84.2,10.29
341,maine-soroa,13.0,NE,1584217502.0,15.0,13.21,12.02,67.77,6.78
342,perth,75.0,AU,1584217213.0,100.0,-31.93,115.83,69.8,9.17
343,severo-kurilsk,0.0,RU,1584217319.0,81.0,50.68,156.12,12.87,4.76
344,quatre cocos,75.0,MU,1584217502.0,94.0,-20.21,57.76,77.0,3.36
346,cloquet,1.0,US,1584217502.0,58.0,46.72,-92.46,28.4,6.35
347,grindavik,40.0,IS,1584217503.0,68.0,63.84,-22.43,26.6,11.41
348,dingle,14.0,PH,1584217503.0,89.0,11.0,122.67,71.19,6.15
349,marzuq,19.0,YE,1584217503.0,64.0,14.4,46.47,65.25,4.56
350,bosaso,55.0,SO,1584217503.0,85.0,11.28,49.18,76.95,13.18
351,nuevitas,40.0,CU,1584217503.0,51.0,21.55,-77.26,86.0,17.22
352,la asuncion,1.0,VE,1584217503.0,47.0,11.03,-63.86,95.0,14.99
353,inuvik,90.0,CA,1584217504.0,58.0,68.35,-133.72,24.8,12.57
354,gamba,100.0,GA,1584217504.0,89.0,-2.65,10.0,79.65,3.58
355,poiana stampei,83.0,RO,1584217504.0,76.0,47.32,25.13,33.01,5.01
356,maxixe,0.0,MZ,1584217504.0,81.0,-23.86,35.35,78.21,8.28
357,bilibino,100.0,RU,1584217504.0,80.0,68.05,166.44,-11.61,4.76
358,vardo,40.0,NO,1584217504.0,67.0,70.37,31.11,18.63,21.18
359,kloulklubed,75.0,PW,1584217504.0,88.0,7.04,134.26,75.2,11.07
360,sandpoint,90.0,US,1584217491.0,72.0,48.28,-116.55,18.0,25.28
361,egvekinot,0.0,RU,1584217505.0,76.0,66.32,-179.17,2.43,3.96
362,los llanos de aridane,40.0,ES,1584217505.0,63.0,28.66,-17.92,66.2,10.29
363,syracuse,42.0,IT,1584217505.0,93.0,37.09,15.28,60.01,1.12
364,moussoro,0.0,TD,1584217505.0,11.0,13.64,16.49,71.01,12.91
365,aden,2.0,YE,1584217505.0,73.0,12.78,45.04,76.05,7.47
366,peniche,0.0,PT,1584217506.0,77.0,39.36,-9.38,60.8,12.75
367,nome,90.0,US,1584217259.0,99.0,64.5,-165.41,32.0,4.7
368,zabol,4.0,AF,1584217506.0,54.0,32.25,67.25,40.23,1.77
369,tandil,18.0,AR,1584217243.0,40.0,-37.32,-59.13,77.0,5.99
370,malanje,99.0,AO,1584217506.0,97.0,-9.54,16.34,66.69,2.84
371,vredendal,14.0,ZA,1584217506.0,93.0,-31.67,18.5,60.93,8.37
372,riom,33.0,FR,1584217507.0,70.0,45.92,2.92,46.99,4.7
373,kahului,40.0,US,1584217302.0,69.0,20.89,-156.47,80.6,11.41
374,trairi,100.0,BR,1584217507.0,95.0,-3.28,-39.27,75.87,2.48
375,saraland,75.0,US,1584217507.0,44.0,30.82,-88.07,82.99,12.75
376,tacuati,67.0,PY,1584217507.0,22.0,-23.45,-56.58,98.73,6.67
378,faya,5.0,SA,1584217507.0,82.0,18.39,42.45,60.8,11.41
379,weymouth,75.0,US,1584217508.0,29.0,42.22,-70.94,54.0,14.99
380,longyearbyen,40.0,SJ,1584217508.0,54.0,78.22,15.64,-0.4,16.11
381,mar del plata,0.0,AR,1584217252.0,64.0,-38.0,-57.56,71.01,12.75
382,bengkulu,95.0,ID,1584217482.0,91.0,-3.8,102.27,74.61,3.27
383,chulman,95.0,RU,1584217277.0,100.0,56.85,124.91,-22.77,1.59
384,lagos,20.0,NG,1584216875.0,83.0,6.58,3.75,84.2,8.05
385,san ramon,90.0,US,1584217457.0,87.0,37.78,-121.98,55.4,6.93
386,novorzhev,50.0,RU,1584217509.0,65.0,57.03,29.33,24.03,8.48
387,constitucion,67.0,CL,1584217415.0,50.0,-35.33,-72.42,65.79,12.33
388,shache,42.0,CN,1584217359.0,27.0,38.42,77.24,43.83,5.17
389,comodoro rivadavia,0.0,AR,1584217217.0,40.0,-45.87,-67.5,68.0,12.75
390,nova olimpia,81.0,BR,1584217509.0,87.0,-14.8,-57.29,83.07,2.73
391,shitanjing,68.0,CN,1584217509.0,28.0,39.23,106.34,32.31,2.55
392,lakatoro,90.0,VU,1584217510.0,88.0,-16.1,167.42,77.0,8.05
393,sobolevo,35.0,RU,1584217297.0,62.0,54.43,31.9,25.47,14.58
394,amarante do maranhao,98.0,BR,1584217510.0,93.0,-5.57,-46.74,77.49,3.06
396,chifeng,9.0,CN,1584217433.0,51.0,42.27,118.96,24.03,22.46
397,darhan,73.0,MN,1584217510.0,81.0,49.49,105.92,19.35,6.69
398,svetlogorsk,39.0,BY,1584217372.0,58.0,52.63,29.73,29.79,14.56
399,verkhnevilyuysk,100.0,RU,1584217511.0,95.0,63.45,120.32,7.47,6.11
400,tiarei,20.0,PF,1584217511.0,66.0,-17.53,-149.33,87.8,5.82
401,providencia,5.0,MX,1584217511.0,36.0,28.72,-111.58,75.2,3.36
402,nouadhibou,0.0,MR,1584217334.0,73.0,20.93,-17.03,69.8,19.46
403,san luis,100.0,AR,1584217282.0,23.0,-33.3,-66.34,73.53,21.03
404,pskov,41.0,RU,1584217511.0,73.0,57.81,28.35,26.6,8.95
405,santa maria da boa vista,74.0,BR,1584217512.0,52.0,-8.81,-39.83,84.51,9.6
406,ostrovnoy,100.0,RU,1584217511.0,94.0,68.05,39.51,10.89,13.11
407,lincoln,90.0,US,1584217512.0,80.0,40.8,-96.67,36.0,14.99
408,nizwa,100.0,OM,1584217512.0,20.0,22.93,57.53,62.55,1.21
409,middleton,90.0,GB,1584217512.0,81.0,53.55,-2.2,52.0,9.17
410,ambilobe,100.0,MG,1584217512.0,85.0,-13.2,49.05,81.45,14.74
411,tambopata,100.0,PE,1584217513.0,40.0,-12.73,-69.18,95.85,1.66
413,nadym,92.0,RU,1584217445.0,92.0,65.53,72.52,9.81,16.91
415,hanmer springs,0.0,NZ,1584217513.0,55.0,-42.52,172.82,63.45,2.04
416,mizdah,68.0,LY,1584217513.0,25.0,31.45,12.98,64.89,7.99
417,husavik,40.0,IS,1584217317.0,84.0,66.04,-17.34,6.8,12.75
418,duvan,100.0,RU,1584217514.0,98.0,55.7,57.9,30.87,3.24
419,palmer,90.0,US,1584217514.0,36.0,42.16,-72.33,52.0,19.46
420,mayo,90.0,US,1584217514.0,26.0,38.89,-76.51,59.0,3.36
421,massakory,0.0,TD,1584217514.0,11.0,13.0,15.73,71.91,11.59
422,narrabri,33.0,AU,1584217514.0,76.0,-30.32,149.78,60.01,18.34
423,ondjiva,97.0,AO,1584217514.0,76.0,-17.07,15.73,71.55,6.15
424,humaita,100.0,BR,1584217515.0,96.0,-7.51,-63.02,77.13,5.99
425,urengoy,97.0,RU,1584217515.0,96.0,65.97,78.37,26.91,8.72
426,qandala,61.0,SO,1584217515.0,78.0,11.47,49.87,76.41,6.06
427,ancud,34.0,CL,1584217515.0,59.0,-41.87,-73.82,60.8,6.93
428,jiaxing,0.0,CN,1584217515.0,93.0,30.75,120.75,53.01,4.47
429,adrar,0.0,MR,1584217317.0,8.0,20.5,-10.07,70.47,3.89
430,gigmoto,98.0,PH,1584217517.0,69.0,13.78,124.39,79.83,8.08
431,presidencia roque saenz pena,53.0,AR,1584217517.0,25.0,-26.79,-60.44,101.25,9.89
432,katesh,100.0,TZ,1584217517.0,93.0,-4.52,35.38,61.65,0.34
433,touros,40.0,BR,1584217269.0,74.0,-5.2,-35.46,82.4,9.17
434,zhuanghe,2.0,CN,1584217517.0,54.0,39.7,122.99,35.01,1.01
435,madison,75.0,US,1584217346.0,72.0,34.73,-86.57,72.0,4.7
436,west bay,20.0,KY,1584217517.0,74.0,19.37,-81.42,84.2,12.75
437,ferkessedougou,2.0,CI,1584217518.0,24.0,9.6,-5.2,83.97,1.1
438,harrison,40.0,US,1584217518.0,69.0,30.41,-89.04,82.99,10.29
439,nanortalik,100.0,GL,1584217517.0,72.0,60.14,-45.24,20.97,9.06
440,muros,7.0,ES,1584217518.0,87.0,42.78,-9.06,55.99,3.36
441,neiafu,75.0,TO,1584217518.0,83.0,-18.65,-173.98,82.4,8.05
442,puerto baquerizo moreno,40.0,EC,1584217518.0,74.0,-0.9,-89.6,84.2,5.82
443,den chai,62.0,TH,1584217519.0,58.0,17.98,100.05,82.0,2.42
445,krasnoselkup,100.0,RU,1584217519.0,97.0,65.7,82.47,31.95,14.45
447,abha,5.0,SA,1584217319.0,82.0,18.22,42.51,60.8,11.41
448,natitingou,100.0,BJ,1584217519.0,13.0,10.3,1.38,82.35,6.35
449,kapuskasing,20.0,CA,1584217519.0,53.0,49.42,-82.43,21.2,13.87
450,srednekolymsk,100.0,RU,1584217520.0,89.0,67.45,153.68,-15.75,14.18
451,santo amaro das brotas,40.0,BR,1584217520.0,62.0,-10.79,-37.05,86.0,13.87
452,terra roxa,0.0,BR,1584217520.0,76.0,-23.86,-50.03,76.23,1.74
453,tallahassee,40.0,US,1584217514.0,45.0,30.44,-84.28,88.0,4.7
454,lasa,40.0,IT,1584217520.0,93.0,46.62,10.7,39.99,3.36
455,ca mau,100.0,VN,1584217508.0,90.0,9.18,105.15,75.15,4.9
456,kruisfontein,42.0,ZA,1584217340.0,93.0,-34.0,24.73,62.19,7.58
457,sakakah,75.0,SA,1584217521.0,67.0,29.97,40.21,60.8,19.46
458,mugur-aksy,84.0,RU,1584217265.0,65.0,50.35,90.5,7.65,6.35
459,lagoa,27.0,PT,1584217358.0,78.0,39.05,-27.98,59.85,9.8
460,kodinsk,100.0,RU,1584217521.0,92.0,58.69,99.18,32.31,9.69
461,stratford,1.0,US,1584217521.0,28.0,41.18,-73.13,55.99,14.99
462,axim,100.0,GH,1584217521.0,88.0,4.87,-2.24,79.47,2.82
463,setermoen,75.0,NO,1584217522.0,63.0,68.86,18.35,28.4,27.51
464,severo-yeniseyskiy,100.0,RU,1584217522.0,88.0,60.37,93.04,27.27,15.64
465,hamilton,90.0,US,1584217402.0,86.0,39.18,-84.53,39.99,11.41
466,nishihara,75.0,JP,1584217522.0,58.0,26.18,127.76,59.0,18.34
467,maniitsoq,99.0,GL,1584217522.0,85.0,65.42,-52.9,3.33,12.3
468,umm lajj,0.0,SA,1584217522.0,51.0,25.02,37.27,64.89,4.0
469,xingyi,88.0,CN,1584217383.0,82.0,24.19,102.82,54.45,2.01
470,flin flon,90.0,CA,1584217307.0,50.0,54.77,-101.86,8.6,4.7
472,igarka,100.0,RU,1584217445.0,97.0,67.47,86.58,30.15,16.26
473,chernyshevskiy,89.0,RU,1584217523.0,97.0,63.01,112.47,17.19,5.5
474,pathalgaon,21.0,IN,1584217523.0,87.0,22.57,83.47,62.91,8.81
475,almaznyy,52.0,RU,1584217524.0,69.0,48.04,40.05,39.2,8.95
476,giffoni valle piana,40.0,IT,1584217524.0,87.0,40.72,14.94,55.99,2.24
477,evensk,100.0,RU,1584217365.0,95.0,61.95,159.23,14.49,9.35
478,buzmeyin,90.0,TM,1584217524.0,37.0,38.05,58.21,68.0,9.17
479,obregon,40.0,NI,1584217524.0,46.0,11.96,-85.96,91.4,20.8
480,aloleng,97.0,PH,1584217524.0,87.0,16.13,119.78,74.97,4.68
481,san gabriel,90.0,US,1584217524.0,82.0,34.1,-118.11,64.99,6.15
482,fort nelson,20.0,CA,1584217361.0,42.0,58.81,-122.7,8.6,6.93
483,korla,100.0,CN,1584217513.0,60.0,41.76,86.15,39.0,1.01
484,sept-iles,75.0,CA,1584217525.0,71.0,50.2,-66.38,32.0,10.29
485,berlevag,93.0,NO,1584217441.0,74.0,70.86,29.09,22.05,28.68
486,muisne,75.0,EC,1584217525.0,83.0,0.6,-80.03,82.4,5.82
487,vondrozo,100.0,MG,1584217525.0,96.0,-22.82,47.28,72.81,4.79
488,gazanjyk,100.0,TM,1584217371.0,30.0,39.24,55.52,65.43,8.59
489,cabo rojo,75.0,PR,1584217526.0,69.0,18.09,-67.15,86.0,13.87
490,pisco,100.0,PE,1584217304.0,30.0,-13.7,-76.22,77.0,19.46
491,puerto narino,75.0,CO,1584217526.0,63.0,-3.77,-70.38,91.4,4.7
492,guaymas,20.0,MX,1584217513.0,56.0,27.93,-110.9,77.0,11.41
493,havre-saint-pierre,90.0,CA,1584217526.0,86.0,50.23,-63.6,28.4,25.28
494,mount isa,42.0,AU,1584217526.0,53.0,-20.73,139.5,71.6,6.85
495,carutapera,67.0,BR,1584217428.0,83.0,-1.2,-46.02,81.45,13.78
496,luorong,100.0,CN,1584217518.0,63.0,24.41,109.61,59.31,4.74
497,paclolo,6.0,PH,1584217527.0,75.0,12.38,121.17,73.35,3.89
498,rognan,75.0,NO,1584217527.0,64.0,67.1,15.39,37.99,32.21
499,vestmannaeyjar,68.0,IS,1584217527.0,68.0,63.44,-20.27,28.89,18.34
500,tretten,100.0,NO,1584217527.0,80.0,61.31,10.3,21.99,5.99
501,spearfish,90.0,US,1584217528.0,64.0,44.49,-103.86,33.01,24.16
502,samarai,100.0,PG,1584217528.0,85.0,-10.62,150.67,77.13,4.97
504,aksarka,65.0,RU,1584217312.0,86.0,66.56,67.8,0.99,13.73
505,taloqan,0.0,AF,1584217528.0,38.0,36.74,69.53,42.75,4.99
506,tromso,90.0,NO,1584217528.0,85.0,69.65,18.96,28.4,4.7
507,mbanza-ngungu,100.0,CD,1584217528.0,89.0,-5.25,14.87,72.63,2.33
508,carmen,5.0,MX,1584217406.0,43.0,18.63,-91.83,89.6,6.93
510,leh,74.0,IN,1584217354.0,61.0,34.17,77.58,11.43,1.95
511,tagusao,66.0,PH,1584217529.0,91.0,9.19,117.81,72.63,3.29
512,mahibadhoo,0.0,MV,1584217529.0,71.0,3.78,72.97,83.61,8.1
513,ceres,75.0,US,1584217529.0,51.0,37.59,-120.96,64.4,11.41
514,siparia,40.0,TT,1584217530.0,62.0,10.13,-61.5,84.2,5.82
516,menongue,100.0,AO,1584217530.0,91.0,-14.66,17.69,65.07,1.34
517,college,90.0,US,1584217530.0,72.0,64.86,-147.8,19.0,4.7
518,puerto leguizamo,99.0,CO,1584217530.0,71.0,-0.19,-74.78,81.45,3.58
519,matara,4.0,LK,1584217530.0,88.0,5.95,80.54,72.63,5.14
520,zhezkazgan,59.0,KZ,1584217531.0,78.0,47.8,67.71,27.81,3.44
521,batagay-alyta,0.0,RU,1584217531.0,84.0,67.8,130.41,-29.43,4.16
522,klyuchi,100.0,RU,1584217531.0,86.0,52.27,79.17,34.11,14.16
523,san quintin,43.0,MX,1584217531.0,67.0,30.48,-115.95,62.91,12.06
525,ukiah,75.0,US,1584217531.0,57.0,39.15,-123.21,55.99,5.82
527,kolyshley,33.0,RU,1584217532.0,70.0,52.7,44.54,39.0,10.54
528,katherine,37.0,AU,1584217532.0,77.0,-14.47,132.27,69.8,2.24
529,bermejo,98.0,AR,1584217532.0,24.0,-32.88,-68.8,71.6,11.41
530,baie-saint-paul,37.0,CA,1584217532.0,77.0,47.44,-70.5,24.57,9.19
531,caala,100.0,AO,1584217532.0,96.0,-12.85,15.56,63.27,7.31
532,poum,90.0,NC,1584217533.0,80.0,-20.23,164.02,84.15,40.96
533,vitina,20.0,BA,1584217533.0,43.0,43.24,17.48,55.4,3.36
534,ajaccio,90.0,FR,1584217533.0,87.0,42.0,8.92,57.2,2.24
535,hofn,100.0,IS,1584217352.0,66.0,64.25,-15.21,31.77,22.03
537,la ronge,90.0,CA,1584217524.0,59.0,55.1,-105.28,3.2,4.7
538,paracuru,75.0,BR,1584217535.0,83.0,-3.41,-39.03,80.01,6.93
539,mitsamiouli,100.0,KM,1584217392.0,78.0,-11.38,43.28,83.07,11.74
540,le port,100.0,RE,1584217535.0,83.0,-20.94,55.29,78.8,10.29
542,iranshahr,100.0,IR,1584217536.0,28.0,27.2,60.68,71.6,6.93
543,san vicente,0.0,AR,1584217536.0,33.0,-26.62,-54.13,89.01,4.34
544,tuatapere,100.0,NZ,1584217352.0,84.0,-46.13,167.68,54.0,3.0
545,sao jose da coroa grande,100.0,BR,1584217470.0,74.0,-8.9,-35.15,82.53,12.24
546,acari,100.0,PE,1584217537.0,74.0,-15.43,-74.62,71.55,8.66
547,makokou,4.0,GA,1584217537.0,79.0,0.57,12.86,76.41,2.62
548,worthington,90.0,US,1584217537.0,86.0,40.09,-83.02,36.0,3.58
549,gimli,100.0,CA,1584217297.0,77.0,50.63,-96.99,15.01,5.99
550,manokwari,100.0,ID,1584217537.0,77.0,-0.87,134.08,72.09,3.51
551,ayan,0.0,RU,1584217538.0,68.0,56.45,138.17,-6.39,11.72
552,nelson bay,40.0,AU,1584217538.0,72.0,-32.72,152.15,66.0,17.22
553,bilma,0.0,NE,1584217521.0,16.0,18.69,12.92,66.69,6.73
554,kautokeino,100.0,NO,1584217538.0,92.0,69.01,23.04,16.11,35.68
555,batsfjord,84.0,NO,1584217538.0,79.0,70.63,29.72,6.93,14.16
556,livingstone,72.0,ZM,1584217538.0,90.0,-17.84,25.85,68.49,1.25
557,saint-joseph,40.0,RE,1584217515.0,83.0,-21.37,55.62,78.8,13.87
558,kesova gora,100.0,RU,1584217539.0,43.0,57.58,37.29,25.47,12.73
559,tayshet,100.0,RU,1584217539.0,86.0,55.93,98.0,31.23,7.23
560,taiyuan,0.0,CN,1584217539.0,42.0,37.87,112.56,30.2,4.47
561,saucillo,25.0,MX,1584217539.0,17.0,28.02,-105.28,83.25,9.66
562,amapa,100.0,BR,1584217365.0,91.0,1.0,-52.0,78.03,2.06
563,alvorada,100.0,BR,1584217539.0,85.0,-12.48,-49.12,79.65,3.42
564,roswell,75.0,US,1584217243.0,53.0,34.02,-84.36,80.01,9.17
565,port blair,25.0,IN,1584217326.0,69.0,11.67,92.75,81.99,6.26
567,henties bay,0.0,NA,1584217540.0,92.0,-22.12,14.28,64.0,4.0
568,slavutych,22.0,UA,1584217540.0,55.0,51.52,30.73,30.51,14.29
570,joigny,90.0,FR,1584217540.0,81.0,47.98,3.4,50.0,6.93
571,bria,92.0,CF,1584217541.0,30.0,6.54,21.99,78.39,0.76
572,mwanza,20.0,TZ,1584217479.0,83.0,-2.52,32.9,73.4,6.08
574,shizunai,0.0,JP,1584217409.0,72.0,42.33,142.37,17.37,4.45
575,lazaro cardenas,47.0,MX,1584217541.0,57.0,17.96,-102.2,85.41,9.37
576,tabou,67.0,CI,1584217541.0,93.0,4.42,-7.35,77.67,3.02
577,caravelas,97.0,BR,1584217515.0,79.0,-17.71,-39.25,80.55,11.88
578,yeppoon,75.0,AU,1584217542.0,73.0,-23.13,150.73,71.6,5.82
579,namibe,100.0,AO,1584217542.0,75.0,-15.2,12.15,76.23,4.09
580,ixtapa,5.0,MX,1584217542.0,74.0,20.7,-105.2,81.0,12.75
581,rocha,52.0,UY,1584217542.0,75.0,-34.48,-54.33,76.41,5.75
582,booue,82.0,GA,1584217542.0,92.0,-0.09,11.94,74.79,2.39
583,ayabaca,100.0,PE,1584217542.0,94.0,-4.64,-79.71,64.71,4.16
584,harnosand,55.0,SE,1584217543.0,54.0,62.63,17.94,33.01,9.17
585,new richmond,1.0,US,1584217543.0,55.0,45.12,-92.54,34.0,7.16
586,nemuro,100.0,JP,1584217347.0,71.0,43.32,145.57,30.51,14.34
587,dunedin,100.0,NZ,1584217316.0,77.0,-45.87,170.5,57.99,1.01
588,barabash,100.0,RU,1584217543.0,92.0,43.2,131.48,26.6,3.38
589,klaksvik,100.0,FO,1584217301.0,74.0,62.23,-6.59,35.6,11.41
590,oshnaviyeh,90.0,IR,1584217544.0,100.0,37.04,45.1,44.6,4.7
591,foam lake,100.0,CA,1584217544.0,92.0,51.65,-103.53,8.19,11.32
592,pietarsaari,13.0,FI,1584217544.0,73.0,63.65,22.68,28.99,9.17
593,trelew,0.0,AR,1584217544.0,30.0,-43.25,-65.31,67.05,7.78
594,mnogovershinnyy,0.0,RU,1584217544.0,87.0,53.94,139.92,-4.59,4.29
